CPU,Price
BX8071512900K,619.99
100-100000059WOF,714.99
100-100000063WOF,359.99
BX8071512700K,419.99
BX8070110900K,467.99
BX8071512600K,299.99
BX8070811700K,419.99
BX8070110400,164.99
BX8070110900,476.99
100-100000065BOX,259.99
BX8070811600K,263.99
BX8070110100,114.99
BX8070110700K,349.99
BX8070811900K,549.99
100-100000061WOF,499.99
BX8070811900,449.99
BX8070811700,339.99
BX8071512900KF,589.99
BX8070811400,619.98
100-100000263BOX,309.99
BX8071512400F,179.99
BX8070110700K,349.99
BX8071512700KF,409.99
100-100000023BOX,499.99
100-100000071BOX,329.99
BX8071512500,219.99
BX8071512400,209.99
100-100000281BOX,249.00
BX8071512600,239.99
BX80684I79700K,349.99
BX80715G7400,79.99
BX8070110700,289.99
BX8071512100,139.99
BX8070110600K,229.99
BX80715G6900,59.99
BX8071512900F,509.99
BX8071512100F,109.99
BX8071512700,359.99
BX80684I99900K,439.99
BX8070110850K,409.99
BX8071512600KF,269.99
